{
  "n_obs": 58,
  "horizon_days": 90,
  "periods_per_year_annualization": 2.8,
  "tc_bps_round_trip": 15,
  "coefficients": {
    "alpha_monthly_pct": 11.240578116763423,
    "Mkt-RF": -1.6807769640303674,
    "SMB": 1.768084461311994,
    "HML": 0.4124790783038018,
    "RMW": 1.6107299341699117,
    "CMA": -1.221598505238985,
    "MOM": -1.0748554083881268
  },
  "newey_west_hac_se": {
    "alpha_monthly_pct": 5.2650598421558445,
    "Mkt-RF": 0.9457507525836834,
    "SMB": 1.4503420935907154,
    "HML": 0.9235836196198287,
    "RMW": 1.4391374171630031,
    "CMA": 2.409421447789186,
    "MOM": 0.8821967623287955,
    "lag_truncation": 6
  },
  "t_statistics": {
    "alpha_monthly": 2.134938339496789,
    "Mkt-RF": -1.7771880798811697,
    "SMB": 1.2190809803600342,
    "HML": 0.44660718265400706,
    "RMW": 1.119232892537234,
    "CMA": -0.5070090607684627,
    "MOM": -1.2183851202885363
  },
  "annualized_alpha_pct": 31.473618726937584,
  "annualized_alpha_hac_se": 14.742167558036364,
  "annualized_alpha_tstat": 2.134938339496789,
  "r_squared": 0.09376546098193195,
  "adjusted_r_squared": -0.012850367137840824
}